2026-01-07 18:41:48,2156771275,GBPUSDm,BUY,1.34742,1.34542,1.34969,0.1,19.60,20.0,1.13,44.0,discount,0.0,bearish,bullish,SELL,"Asian Range Sweep [BUY] âœ“âœ“, ğŸ”¥ SMT Divergence [BUY] âœ“âœ“âœ“, âš¡ Sweep+FVG Exception: Setup institutionnel complet, SL: Structure Low, TP: PDH Liquidity, âœ“ SL/TP ATR dynamique (QualitÃ© A+), âœ“ Structure alignÃ©e (50), ğŸ¯ Major Sweep dÃ©tectÃ© (PDL/Asian), ğŸ”¥ SMT Divergence confirmÃ©e, âš¡ iFVG (Inversion) validÃ©e, âœ“ Prix en zone DISCOUNT (IdÃ©al), âœ“ Spread Optimal âœ“, ğŸŒ ğŸ’µ DXY: BULLISH",Asian_Sweep|SMT_bullish|FVG|iFVG,100,False,True,False,bullish,none,ny,True,,,,,,,OPEN,
2026-01-07 20:03:22,2157157209,BTCUSDm,BUY,91163.95000,90951.99950,94430.85000,0.04,19.60,2119505.0,15.41,36.2,discount,14.2,bearish,bearish,BUY,"SMC State Sweep (BUY) âœ“âœ“, âš¡ Sweep+FVG Exception: Setup institutionnel complet, SL: Structure Low, TP: PDH Liquidity, âœ“ Structure alignÃ©e (60), ğŸ¯ LiquiditÃ© locale balayÃ©e, âš¡ iFVG (Inversion) validÃ©e, âœ“ Prix en zone DISCOUNT (IdÃ©al), âœ“ Spread Optimal âœ“, ğŸŒ ğŸ’¹ Sentiment: RISK_ON, ğŸŒ ğŸ’µ DXY: BULLISH",FVG|iFVG,76,False,False,False,none,none,ny,True,,,,,,,OPEN,
2026-01-07 20:05:43,2157157209,---EXIT---,,,,,,,,,,,,,,,,,,,,,,,,,91184.08000,2026-01-07 20:05:43,,0.80,,0.04,CLOSED,Manual_Profit
2026-01-07 20:05:54,2157157209,---EXIT---,,,,,,,,,,,,,,,,,,,,,,,,,91184.08000,2026-01-07 20:05:54,,0.80,,0.04,CLOSED,Manual_Profit
2026-01-07 20:05:56,2157170295,BTCUSDm,BUY,91186.67000,90951.99950,94430.85000,0.04,19.61,2346705.0,13.82,36.8,discount,17.0,bearish,bearish,BUY,"SMC State Sweep (BUY) âœ“âœ“, âš¡ Sweep+FVG Exception: Setup institutionnel complet, SL: Structure Low, TP: PDH Liquidity, âœ“ Structure alignÃ©e (60), ğŸ¯ LiquiditÃ© locale balayÃ©e, âš¡ iFVG (Inversion) validÃ©e, âœ“ Prix en zone DISCOUNT (IdÃ©al), âœ“ Spread Optimal âœ“, ğŸŒ ğŸ’¹ Sentiment: RISK_ON, ğŸŒ ğŸ’µ DXY: BULLISH",FVG|iFVG,76,False,False,False,none,none,ny,True,,,,,,,OPEN,
2026-01-07 20:05:58,2157157209,---EXIT---,,,,,,,,,,,,,,,,,,,,,,,,,91184.08000,2026-01-07 20:05:58,,0.80,,0.04,CLOSED,Manual_Profit
2026-01-07 20:06:05,2157157209,---EXIT---,,,,,,,,,,,,,,,,,,,,,,,,,91184.08000,2026-01-07 20:06:05,,0.80,,0.04,CLOSED,Manual_Profit
2026-01-07 20:06:13,2157157209,---EXIT---,,,,,,,,,,,,,,,,,,,,,,,,,91184.08000,2026-01-07 20:06:13,,0.80,,0.04,CLOSED,Manual_Profit
2026-01-07 20:06:38,2157170295,---EXIT---,,,,,,,,,,,,,,,,,,,,,,,,,91237.26000,2026-01-07 20:06:38,,2.08,,0.11,CLOSED,Manual_Profit
2026-01-07 20:06:41,2157170295,---EXIT---,,,,,,,,,,,,,,,,,,,,,,,,,91237.26000,2026-01-07 20:06:41,,2.08,,0.11,CLOSED,Manual_Profit
2026-01-07 20:06:46,2157170295,---EXIT---,,,,,,,,,,,,,,,,,,,,,,,,,91237.26000,2026-01-07 20:06:46,,2.08,,0.11,CLOSED,Manual_Profit
2026-01-07 20:06:52,2157170295,---EXIT---,,,,,,,,,,,,,,,,,,,,,,,,,91237.26000,2026-01-07 20:06:52,,2.08,,0.11,CLOSED,Manual_Profit
2026-01-07 20:06:52,2157170295,---EXIT---,,,,,,,,,,,,,,,,,,,,,,,,,91237.26000,2026-01-07 20:06:52,,2.08,,0.11,CLOSED,Manual_Profit
2026-01-07 20:12:32,2157202716,BTCUSDm,BUY,91219.71000,90951.99950,94430.85000,0.04,19.63,2677105.0,11.99,37.6,discount,19.2,bearish,bearish,BUY,"SMC State Sweep (BUY) âœ“âœ“, âš¡ Sweep+FVG Exception: Setup institutionnel complet, SL: Structure Low, TP: PDH Liquidity, âœ“ Structure alignÃ©e (60), ğŸ¯ LiquiditÃ© locale balayÃ©e, âš¡ iFVG (Inversion) validÃ©e, âœ“ Prix en zone DISCOUNT (IdÃ©al), âœ“ Spread Optimal âœ“, ğŸŒ ğŸ’¹ Sentiment: RISK_ON, ğŸŒ ğŸ’µ DXY: BULLISH",FVG|iFVG,76,False,False,False,none,none,ny,True,,,,,,,OPEN,
2026-01-07 20:13:07,2157202716,---EXIT---,,,,,,,,,,,,,,,,,,,,,,,,,91232.22000,2026-01-07 20:13:07,,-0.09,,-0.00,CLOSED,Manual_Loss
2026-01-07 20:13:42,2157207721,BTCUSDm,BUY,91239.54000,90850.25214,92018.11571,0.04,19.63,3892878.6,2.00,38.1,discount,20.8,bearish,bearish,BUY,"PDL Sweep confirmÃ© [BUY] âœ“âœ“, âš¡ Sweep+FVG Exception: Setup institutionnel complet, SL: Structure Low, TP: PDH Liquidity, âœ“ SL/TP ATR dynamique (QualitÃ© A), âœ“ Structure alignÃ©e (60), ğŸ¯ Major Sweep dÃ©tectÃ© (PDL/Asian), âš¡ iFVG (Inversion) validÃ©e, âœ“ Prix en zone DISCOUNT (IdÃ©al), âœ“ Spread Optimal âœ“, ğŸŒ ğŸ’¹ Sentiment: RISK_ON, ğŸŒ ğŸ’µ DXY: BULLISH",PDL_Sweep|FVG|iFVG,82,True,False,False,none,none,ny,True,,,,,,,OPEN,
2026-01-07 20:30:14,2157207721,---EXIT---,,,,,,,,,,,,,,,,,,,,,,,,,91293.43000,2026-01-07 20:30:14,,2.09,,0.11,CLOSED,Manual_Profit
2026-01-07 20:30:19,2157207721,---EXIT---,,,,,,,,,,,,,,,,,,,,,,,,,91293.43000,2026-01-07 20:30:19,,2.09,,0.11,CLOSED,Manual_Profit
2026-01-07 20:30:22,2157207721,---EXIT---,,,,,,,,,,,,,,,,,,,,,,,,,91293.43000,2026-01-07 20:30:22,,2.09,,0.11,CLOSED,Manual_Profit
2026-01-07 20:30:32,2157207721,---EXIT---,,,,,,,,,,,,,,,,,,,,,,,,,91293.43000,2026-01-07 20:30:32,,2.09,,0.11,CLOSED,Manual_Profit
2026-01-07 20:30:32,2157207721,---EXIT---,,,,,,,,,,,,,,,,,,,,,,,,,91293.43000,2026-01-07 20:30:32,,2.09,,0.11,CLOSED,Manual_Profit
2026-01-07 20:43:49,2157348457,BTCUSDm,BUY,91148.55000,90936.56950,94430.85000,0.04,19.65,2119805.0,15.48,37.7,discount,15.1,bearish,bearish,BUY,"SMC State Sweep (BUY) âœ“âœ“, âš¡ Sweep+FVG Exception: Setup institutionnel complet, SL: Structure Low, TP: PDH Liquidity, âœ“ Structure alignÃ©e (60), ğŸ¯ LiquiditÃ© locale balayÃ©e, âš¡ iFVG (Inversion) validÃ©e, âœ“ Prix en zone DISCOUNT (IdÃ©al), âœ“ Spread Optimal âœ“, ğŸŒ ğŸ’µ DXY: BULLISH",FVG|iFVG,76,False,False,False,none,none,ny,True,,,,,,,OPEN,
2026-01-07 20:50:24,2157348457,---EXIT---,,,,,,,,,,,,,,,,,,,,,,,,,91155.19000,2026-01-07 20:50:24,,0.24,,0.01,CLOSED,Manual_Profit
2026-01-07 20:50:27,2157348457,---EXIT---,,,,,,,,,,,,,,,,,,,,,,,,,91155.19000,2026-01-07 20:50:27,,0.24,,0.01,CLOSED,Manual_Profit
2026-01-07 20:50:29,2157348457,---EXIT---,,,,,,,,,,,,,,,,,,,,,,,,,91155.19000,2026-01-07 20:50:29,,0.24,,0.01,CLOSED,Manual_Profit
2026-01-07 20:50:38,2157348457,---EXIT---,,,,,,,,,,,,,,,,,,,,,,,,,91155.19000,2026-01-07 20:50:38,,0.24,,0.01,CLOSED,Manual_Profit
2026-01-07 20:50:39,2157348457,---EXIT---,,,,,,,,,,,,,,,,,,,,,,,,,91155.19000,2026-01-07 20:50:39,,0.24,,0.01,CLOSED,Manual_Profit
2026-01-07 20:56:15,2157406445,BTCUSDm,BUY,90769.12000,90408.95950,94430.85000,0.03,19.65,3601605.0,10.17,38.7,discount,0.0,bearish,bearish,BUY,"SMC State Sweep (BUY) âœ“âœ“, âš¡ Sweep+FVG Exception: Setup institutionnel complet, SL: Structure Low, TP: PDH Liquidity, âœ“ Structure alignÃ©e (50), ğŸ¯ LiquiditÃ© locale balayÃ©e, âš¡ iFVG (Inversion) validÃ©e, âœ“ Prix en zone DISCOUNT (IdÃ©al), âœ“ Spread Optimal âœ“, ğŸŒ ğŸ’¹ Sentiment: RISK_ON, ğŸŒ ğŸ’µ DXY: BULLISH",FVG|iFVG,76,False,False,False,none,none,ny,True,,,,,,,OPEN,
2026-01-07 20:56:40,2157406445,---EXIT---,,,,,,,,,,,,,,,,,,,,,,,,,90763.98000,2026-01-07 20:56:40,,-0.15,,-0.01,CLOSED,Manual_Loss
2026-01-07 20:56:51,2157406445,---EXIT---,,,,,,,,,,,,,,,,,,,,,,,,,90763.98000,2026-01-07 20:56:51,,-0.15,,-0.01,CLOSED,Manual_Loss
2026-01-07 20:57:13,2157411244,EURUSDm,BUY,1.16847,1.16647,1.17425,0.03,19.65,20.0,2.89,46.7,discount,22.3,bearish,bullish,SELL,"ğŸ”¥ SMT Divergence [BUY] âœ“âœ“âœ“, SMT sweep override biais NEUTRAL â†’ BUY, SL: Structure Low, TP: PDH Liquidity, ğŸ¯ LiquiditÃ© locale balayÃ©e, ğŸ”¥ SMT Divergence confirmÃ©e, âœ“ Prix en zone DISCOUNT (IdÃ©al), âœ“ Spread Optimal âœ“, âš ï¸ Contre-tendance dÃ©tectÃ©e, ğŸŒ ğŸ’¹ Sentiment: RISK_ON, ğŸŒ ğŸ’µ DXY: BULLISH",SMT_bullish,74,False,False,False,bullish,none,ny,True,,,,,,,OPEN,
2026-01-08 03:34:22,2156771275,---EXIT---,,,,,,,,,,,,,,,,,,,,,,,,,1.34542,2026-01-08 03:34:22,,-19.50,,-1.00,CLOSED,SL
2026-01-08 05:58:53,2158832058,USDJPYm,SELL,156.71500,157.07600,155.99300,0.12,19.45,36.1,2.00,48.3,premium,52.3,bullish,bullish,BUY,"Contexte D1 BULLISH (Zone PREMIUM), Retest sur OB Baissier H4 (Setup Principal), Signal d'entrÃ©e M15 confirmÃ© (Mitigation)",PDL_Sweep|FVG|iFVG,95,True,False,False,none,none,asian,False,,,,,,,OPEN,
2026-01-08 09:23:48,2159543868,USDJPYm,SELL,156.65000,157.07600,155.79800,0.11,19.49,42.6,2.00,41.4,discount,39.1,bearish,bullish,BUY,"Contexte D1 BULLISH (Zone PREMIUM), Retest sur OB Baissier H4 (Setup Principal), Signal d'entrÃ©e M15 confirmÃ© (Mitigation)",FVG,95,False,False,False,none,none,london_open,True,,,,,,,OPEN,
2026-01-08 09:23:52,2158832058,---EXIT---,,,,,,,,,,,,,,,,,,,,,,,,,156.66000,2026-01-08 09:23:52,,4.21,,0.22,CLOSED,Manual_Profit
2026-01-08 10:33:00,2159854884,BTCUSDm,BUY,90451.08000,89513.65950,93718.60000,0.01,19.51,9374205.0,3.49,39.4,discount,46.5,bearish,bearish,BUY,"âš¡ Sweep+FVG Exception: Setup institutionnel complet, SL: Structure Low, TP: PDH Liquidity, âœ“ Structure alignÃ©e (50), ğŸ¯ LiquiditÃ© locale balayÃ©e, âš¡ iFVG (Inversion) validÃ©e, âœ“ Prix en zone DISCOUNT (IdÃ©al), âœ“ Spread Optimal âœ“, âš ï¸ News HIGH impact dans les 4h Ã  venir, ğŸŒ ğŸ“° News HIGH: Initial Jobless Claims dans 297min, ğŸŒ ğŸ’µ DXY: BULLISH",FVG|iFVG,76,False,False,False,none,none,london,True,,,,,,,OPEN,
2026-01-08 10:33:11,2159543868,---EXIT---,,,,,,,,,,,,,,,,,,,,,,,,,156.62200,2026-01-08 10:33:11,,1.40,,0.07,CLOSED,Manual_Profit
2026-01-08 10:33:17,2159857805,GBPUSDm,BUY,1.34432,1.34232,1.34632,0.04,19.51,20.0,1.00,32.8,discount,0.0,bearish,bullish,SELL,"ğŸ”¥ SMT Divergence [BUY] âœ“âœ“âœ“, âš¡ Sweep+FVG Exception: Setup institutionnel complet, SL: Structure Low, TP: PDH Liquidity, âœ“ SL/TP ATR dynamique (QualitÃ© A), âœ“ Structure alignÃ©e (50), ğŸ¯ LiquiditÃ© locale balayÃ©e, ğŸ”¥ SMT Divergence confirmÃ©e, âš¡ iFVG (Inversion) validÃ©e, âœ“ Prix en zone DISCOUNT (IdÃ©al), âœ“ Spread Optimal âœ“, âš ï¸ Risk Reduced (Counter-Momentum RSI 33), âš ï¸ News HIGH impact dans les 4h Ã  venir, ğŸŒ ğŸ“° News HIGH: Initial Jobless Claims dans 297min, ğŸŒ ğŸ’µ DXY: BULLISH",SMT_bullish|FVG|iFVG,94,False,False,False,bullish,none,london,True,,,,,,,OPEN,
2026-01-08 13:48:29,2160762063,XAUUSDm,BUY,4423.28500,4403.28500,4495.91600,0.01,19.51,2000.0,3.63,46.3,discount,15.3,bearish,bullish,BUY,"SMC State Sweep (BUY) âœ“âœ“, âš¡ Sweep+FVG Exception: Setup institutionnel complet, SL: Structure Low, TP: PDH Liquidity, ğŸ¯ LiquiditÃ© locale balayÃ©e, âš¡ iFVG (Inversion) validÃ©e, âœ“ Prix en zone DISCOUNT (IdÃ©al), âœ“ Spread Optimal âœ“, âš ï¸ Contre-tendance dÃ©tectÃ©e, âš ï¸ News HIGH impact dans les 4h Ã  venir, ğŸŒ ğŸ“° News HIGH: Initial Jobless Claims dans 102min, ğŸŒ ğŸ’µ DXY: BULLISH, ğŸŒ ğŸŒ Biais macro: BEARISH",FVG|iFVG,72,False,False,False,none,none,london,True,,,,,,,OPEN,
2026-01-08 13:49:12,2160762063,---EXIT---,,,,,,,,,,,,,,,,,,,,,,,,,4423.31600,2026-01-08 13:49:12,,0.12,,0.01,CLOSED,Manual_Profit
2026-01-08 13:54:21,2160790953,XAUUSDm,BUY,4424.42600,4404.42600,4495.91600,0.01,19.51,2000.0,3.57,47.2,discount,17.1,bearish,bullish,BUY,"PDL Sweep confirmÃ© [BUY] âœ“âœ“, âš¡ Sweep+FVG Exception: Setup institutionnel complet, SL: Structure Low, TP: PDH Liquidity, ğŸ¯ Major Sweep dÃ©tectÃ© (PDL/Asian), âš¡ iFVG (Inversion) validÃ©e, âœ“ Prix en zone DISCOUNT (IdÃ©al), âœ“ Spread Optimal âœ“, âš ï¸ Contre-tendance dÃ©tectÃ©e, âš ï¸ News HIGH impact dans les 4h Ã  venir, ğŸŒ ğŸ“° News HIGH: Initial Jobless Claims dans 96min, ğŸŒ ğŸ’µ DXY: BULLISH, ğŸŒ ğŸŒ Biais macro: BEARISH",PDL_Sweep|FVG|iFVG,80,True,False,False,none,none,london,True,,,,,,,OPEN,
2026-01-08 13:56:43,2160801186,XAUUSDm,BUY,4424.94500,4404.94500,4495.91600,0.01,19.52,2000.0,3.55,47.6,discount,17.9,bearish,bullish,BUY,"SMC State Sweep (BUY) âœ“âœ“, âš¡ Sweep+FVG Exception: Setup institutionnel complet, SL: Structure Low, TP: PDH Liquidity, ğŸ¯ LiquiditÃ© locale balayÃ©e, âš¡ iFVG (Inversion) validÃ©e, âœ“ Prix en zone DISCOUNT (IdÃ©al), âœ“ Spread Optimal âœ“, âš ï¸ Contre-tendance dÃ©tectÃ©e, âš ï¸ News HIGH impact dans les 4h Ã  venir, ğŸŒ ğŸ“° News HIGH: Initial Jobless Claims dans 93min, ğŸŒ ğŸ’µ DXY: BULLISH, ğŸŒ ğŸŒ Biais macro: BEARISH",FVG|iFVG,72,False,False,False,none,none,london,True,,,,,,,OPEN,
2026-01-08 13:56:50,2160790953,---EXIT---,,,,,,,,,,,,,,,,,,,,,,,,,4425.02400,2026-01-08 13:56:50,,0.61,,0.03,CLOSED,Manual_Profit
2026-01-08 14:34:09,2160801186,---EXIT---,,,,,,,,,,,,,,,,,,,,,,,,,4425.50200,2026-01-08 14:34:09,,0.53,,0.03,CLOSED,Manual_Profit
2026-01-08 15:00:24,2157411244,---EXIT---,,,,,,,,,,,,,,,,,,,,,,,,,89865.02000,2026-01-08 15:00:24,,-5.78,,-0.30,CLOSED,Manual_Loss
2026-01-08 15:00:25,2159854884,---EXIT---,,,,,,,,,,,,,,,,,,,,,,,,,89865.02000,2026-01-08 15:00:25,,-5.78,,-0.30,CLOSED,Manual_Loss
2026-01-08 15:00:27,2159857805,---EXIT---,,,,,,,,,,,,,,,,,,,,,,,,,89865.02000,2026-01-08 15:00:27,,-5.78,,-0.30,CLOSED,Manual_Loss
2026-01-08 16:53:38,2162142132,---EXIT---,,,,,,,,,,,,,,,,,,,,,,,,,1.34255,2026-01-08 16:53:38,,0.01,,0.00,CLOSED,Manual_Profit
2026-01-08 17:53:47,2162659468,EURUSDm,BUY,1.16664,1.16464,1.16864,0.08,19.41,20.0,1.00,39.6,equilibrium,36.4,bearish,bullish,SELL,"PDL Sweep confirmÃ© [BUY] âœ“âœ“, ğŸ”¥ SMT Divergence [BUY] âœ“âœ“âœ“, âš¡ Sweep+FVG Exception: Setup institutionnel complet, SL: Structure Low, TP: PDH Liquidity, âœ“ SL/TP ATR dynamique (QualitÃ© A), ğŸ¯ Major Sweep dÃ©tectÃ© (PDL/Asian), ğŸ”¥ SMT Divergence confirmÃ©e, âš¡ iFVG (Inversion) validÃ©e, ~ Prix Ã  l'Ã©quilibre, âœ“ Spread Optimal âœ“, âš ï¸ Contre-tendance dÃ©tectÃ©e, ğŸŒ ğŸ’µ DXY: BULLISH",PDL_Sweep|SMT_bullish|FVG|iFVG,84,True,False,False,bullish,none,ny,True,,,,,,,OPEN,
2026-01-08 19:30:02,2163307721,GBPUSDm,BUY,1.34309,1.34104,1.35168,0.04,19.41,20.5,4.19,56.7,discount,29.3,bearish,bullish,SELL,"ğŸ”¥ SMT Divergence [BUY] âœ“âœ“âœ“, SMT sweep override biais NEUTRAL â†’ BUY, âš¡ Sweep+FVG Exception: Setup institutionnel complet, SL: Structure Low, TP: PDH Liquidity, ğŸ¯ LiquiditÃ© locale balayÃ©e, ğŸ”¥ SMT Divergence confirmÃ©e, âš¡ iFVG (Inversion) validÃ©e, âœ“ Prix en zone DISCOUNT (IdÃ©al), âœ“ Spread Optimal âœ“, âš ï¸ Contre-tendance dÃ©tectÃ©e, ğŸŒ ğŸ’µ DXY: BULLISH",SMT_bullish|FVG|iFVG,83,False,False,False,bullish,none,ny,True,,,,,,,OPEN,
2026-01-08 19:31:37,2162659468,---EXIT---,,,,,,,,,,,,,,,,,,,,,,,,,1.16464,2026-01-08 19:31:37,,-18.16,,-0.94,CLOSED,SL
2026-01-08 19:35:04,2163333872,USDJPYm,BUY,156.86300,156.66300,157.06300,0.12,19.23,20.0,1.00,37.1,discount,47.3,bullish,bullish,BUY,"âš¡ Sweep+FVG Exception: Setup institutionnel complet, SL: Structure Low, TP: Swing High Liq, âœ“ SL/TP ATR dynamique (QualitÃ© A), âœ“ Structure alignÃ©e (90), ğŸ¯ LiquiditÃ© locale balayÃ©e, âš¡ iFVG (Inversion) validÃ©e, âœ“ Prix en zone DISCOUNT (IdÃ©al), âœ“ Spread Optimal âœ“, ğŸŒ ğŸ’µ DXY: BULLISH",FVG|iFVG,90,False,False,False,none,none,ny,True,,,,,,,OPEN,
2026-01-08 20:45:29,2163684814,EURUSDm,BUY,1.16507,1.16307,1.16707,0.04,19.23,20.0,1.00,16.9,discount,16.8,bearish,bullish,SELL,"ğŸ”¥ SMT Divergence [BUY] âœ“âœ“âœ“, SMT sweep override biais NEUTRAL â†’ BUY, âš¡ SMT Exception: Divergence institutionnelle dÃ©tectÃ©e, âš¡ Sweep+FVG Exception: Setup institutionnel complet, SL: Structure Low, TP: PDH Liquidity, âœ“ SL/TP ATR dynamique (QualitÃ© A), âœ“ Structure alignÃ©e (60), ğŸ¯ LiquiditÃ© locale balayÃ©e, ğŸ”¥ SMT Divergence confirmÃ©e, âš¡ iFVG (Inversion) validÃ©e, âœ“ Prix en zone DISCOUNT (IdÃ©al), âœ“ Spread Optimal âœ“, âš ï¸ Risk Reduced (Counter-Momentum RSI 17), ğŸŒ ğŸ’µ DXY: BULLISH",SMT_bullish|FVG|iFVG,94,False,False,False,bullish,none,ny,True,,,,,,,OPEN,
2026-01-09 07:15:06,2163333872,---EXIT---,,,,,,,,,,,,,,,,,,,,,,,,,157.06300,2026-01-09 07:15:06,,15.28,,0.79,CLOSED,Manual_Profit
2026-01-09 07:15:09,2163684814,---EXIT---,,,,,,,,,,,,,,,,,,,,,,,,,157.06300,2026-01-09 07:15:09,,15.28,,0.79,CLOSED,Manual_Profit
2026-01-09 07:15:32,2165375680,EURUSDm,BUY,1.16546,1.16346,1.16746,0.08,19.40,20.0,1.00,61.4,discount,28.2,bearish,bullish,SELL,"ğŸ”¥ SMT Divergence [BUY] âœ“âœ“âœ“, SMT sweep override biais NEUTRAL â†’ BUY, âš ï¸ Conflit Intermarket (-34.2%) âœ— (-15%), SL: Structure Low, TP: Swing High Liq, âœ“ SL/TP ATR dynamique (QualitÃ© A), âœ“ Structure alignÃ©e (50), ğŸ¯ Major Sweep dÃ©tectÃ© (PDL/Asian), ğŸ”¥ SMT Divergence confirmÃ©e, âœ“ Prix en zone DISCOUNT (IdÃ©al), âœ“ Spread Optimal âœ“, ğŸŒ ğŸ’µ DXY: BULLISH",SMT_bullish,82,False,False,False,bullish,none,london_open,True,,,,,,,OPEN,
2026-01-09 12:22:34,2166572867,GBPUSDm,BUY,1.34092,1.33892,1.34292,0.04,19.32,20.0,1.00,32.1,discount,0.0,bearish,bullish,SELL,"ğŸ”¥ SMT Divergence [BUY] âœ“âœ“âœ“, âš¡ Sweep+FVG Exception: Setup institutionnel complet, SL: Fixed, TP: Swing High Liq, âœ“ SL/TP ATR dynamique (QualitÃ© A), ğŸ¯ Major Sweep dÃ©tectÃ© (PDL/Asian), ğŸ”¥ SMT Divergence confirmÃ©e, âš¡ iFVG (Inversion) validÃ©e, âœ“ Prix en zone DISCOUNT (IdÃ©al), âœ“ Spread Optimal âœ“, âš ï¸ Contre-tendance dÃ©tectÃ©e, âš ï¸ Risk Reduced (Counter-Momentum RSI 32), âš ï¸ News HIGH impact dans les 4h Ã  venir, ğŸŒ ğŸ“° News HIGH: Average Hourly Earnings (MoM)  (Dec) dans 187min, ğŸŒ ğŸ’µ DXY: BULLISH",SMT_bullish|FVG|iFVG,82,False,False,False,bullish,none,london,True,,,,,,,OPEN,
2026-01-09 12:22:42,2166573306,BTCUSDm,BUY,90423.89000,90170.71214,90930.24571,0.03,19.32,2531778.6,2.00,31.8,discount,40.9,bearish,bearish,BUY,"âš¡ Sweep+FVG Exception: Setup institutionnel complet, SL: Structure Low, TP: Swing High Liq, âœ“ SL/TP ATR dynamique (QualitÃ© A), âœ“ Structure alignÃ©e (50), ğŸ¯ Major Sweep dÃ©tectÃ© (PDL/Asian), âœ“ FVG prÃ©sent dans la zone, âœ“ Prix en zone DISCOUNT (IdÃ©al), âœ“ Spread Optimal âœ“, âš ï¸ Risk Reduced (Counter-Momentum RSI 32), âš ï¸ News HIGH impact dans les 4h Ã  venir, ğŸŒ ğŸ“° News HIGH: Average Hourly Earnings (MoM)  (Dec) dans 187min, ğŸŒ ğŸ’µ DXY: BULLISH",FVG,79,False,False,False,none,none,london,True,,,,,,,OPEN,
2026-01-09 14:19:13,2166573306,---EXIT---,,,,,,,,,,,,,,,,,,,,,,,,,90170.71000,2026-01-09 14:19:13,,-7.54,,-0.39,CLOSED,Manual_Loss
2026-01-09 14:32:57,2167181441,USDJPYm,BUY,157.69700,157.49700,157.89700,0.12,19.24,20.0,1.00,58.8,premium,95.4,bullish,bullish,BUY,"âš¡ Sweep+FVG Exception: Setup institutionnel complet, âš¡ Displacement dÃ©tectÃ© post-sweep (+10%), ğŸ’ Triple Timeframe Alignment (HTF/MTF/LTF) âœ“ (+20%), SL: Structure Low, TP: Swing High Liq, âœ“ SL/TP ATR dynamique (QualitÃ© A), âœ“ Structure alignÃ©e (80), ğŸ¯ Major Sweep dÃ©tectÃ© (PDL/Asian), âš¡ iFVG (Inversion) validÃ©e, âœ“ Spread Optimal âœ“, âš ï¸ News HIGH impact dans les 4h Ã  venir, ğŸŒ ğŸ“° News HIGH: Average Hourly Earnings (MoM)  (Dec) dans 57min, ğŸŒ ğŸ’µ DXY: BULLISH",FVG|iFVG,82,False,False,False,none,none,london,True,,,,,,,OPEN,
2026-01-09 15:30:04,2165375680,---EXIT---,,,,,,,,,,,,,,,,,,,,,,,,,1.16346,2026-01-09 15:30:04,,-15.84,,-0.83,CLOSED,SL
2026-01-09 16:00:22,2168160381,EURUSDm,BUY,1.16465,1.16265,1.16665,0.04,19.02,20.0,1.00,54.8,discount,21.4,bullish,bullish,SELL,"ğŸ”¥ SMT Divergence [BUY] âœ“âœ“âœ“, âš¡ Displacement dÃ©tectÃ© post-sweep (+10%), âš ï¸ Conflit Intermarket (-34.2%) âœ— (-15%), SL: Structure Low, TP: Swing High Liq, âœ“ SL/TP ATR dynamique (QualitÃ© A), âœ“ Structure alignÃ©e (60), ğŸ¯ Major Sweep dÃ©tectÃ© (PDL/Asian), ğŸ”¥ SMT Divergence confirmÃ©e, âœ“ Prix en zone DISCOUNT (IdÃ©al), âœ“ Spread Optimal âœ“, ğŸŒ ğŸ’µ DXY: BULLISH, ğŸŒ ğŸŒ Biais macro: BEARISH",SMT_bullish,82,False,False,False,bullish,none,ny,True,,,,,,,OPEN,
2026-01-09 16:00:31,2168161600,BTCUSDm,BUY,90507.06000,90311.37286,90898.43429,0.05,19.02,1956871.4,2.00,57.3,discount,46.6,bearish,bearish,BUY,"âš¡ Sweep+FVG Exception: Setup institutionnel complet, â›” HTF Conflict non rÃ©solu (-30 pts, Lot 50%), âš ï¸ Pas de dÃ©placement post-sweep (Reversal lent), SL: Structure Low, TP: Swing High Liq, âœ“ SL/TP ATR dynamique (QualitÃ© A+), âœ“ Structure alignÃ©e (80), ğŸ¯ Major Sweep dÃ©tectÃ© (PDL/Asian), âš¡ iFVG (Inversion) validÃ©e, âœ“ Prix en zone DISCOUNT (IdÃ©al), âœ“ Spread Optimal âœ“, ğŸŒ ğŸ’µ DXY: BULLISH",FVG|iFVG,89,False,False,False,none,none,ny,True,,,,,,,OPEN,
2026-01-09 16:01:11,2168168626,USDJPYm,BUY,157.47000,156.59700,159.21600,0.01,19.02,87.3,2.00,33.9,premium,75.0,bullish,bullish,BUY,"âš¡ Sweep+FVG Exception: Setup institutionnel complet, âš ï¸ Pas de dÃ©placement post-sweep (Reversal lent), ğŸ’ Triple Timeframe Alignment (HTF/MTF/LTF) âœ“ (+20%), SL: Structure Low, TP: Swing High Liq, âœ“ Structure alignÃ©e (50), ğŸ¯ Major Sweep dÃ©tectÃ© (PDL/Asian), âš¡ iFVG (Inversion) validÃ©e, âœ“ Spread Optimal âœ“, âš ï¸ Risk Reduced (Counter-Momentum RSI 34), ğŸŒ ğŸ’µ DXY: BULLISH",FVG|iFVG,75,False,False,False,none,none,ny,True,,,,,,,OPEN,
2026-01-09 16:08:59,2168161600,---EXIT---,,,,,,,,,,,,,,,,,,,,,,,,,90311.37000,2026-01-09 16:08:59,,-10.32,,-0.55,CLOSED,SL
2026-01-09 16:10:33,2168264777,GBPUSDm,BUY,1.34292,1.34092,1.34525,0.09,18.92,20.0,1.17,67.0,equilibrium,60.1,bullish,bullish,SELL,"ğŸ”¥ SMT Divergence [BUY] âœ“âœ“âœ“, âš¡ Sweep+FVG Exception: Setup institutionnel complet, âš ï¸ Pas de dÃ©placement post-sweep (Reversal lent), âš ï¸ Conflit Intermarket (-35.3%) âœ— (-15%), SL: Structure Low, TP: Swing High Liq, âœ“ SL/TP ATR dynamique (QualitÃ© A+), âœ“ Structure alignÃ©e (80), ğŸ¯ Major Sweep dÃ©tectÃ© (PDL/Asian), ğŸ”¥ SMT Divergence confirmÃ©e, âš¡ iFVG (Inversion) validÃ©e, ~ Prix Ã  l'Ã©quilibre, âœ“ Spread Optimal âœ“, ğŸŒ ğŸ’µ DXY: BULLISH",SMT_bullish|FVG|iFVG,96,False,False,False,bullish,none,ny,True,,,,,,,OPEN,
2026-01-09 16:46:15,2168264777,---EXIT---,,,,,,,,,,,,,,,,,,,,,,,,,1.34092,2026-01-09 16:46:15,,-17.73,,-0.95,CLOSED,SL
2026-01-09 17:06:54,2168160381,---EXIT---,,,,,,,,,,,,,,,,,,,,,,,,,1.16265,2026-01-09 17:06:54,,-7.80,,-0.42,CLOSED,Manual_Loss
2026-01-09 17:37:10,2169146052,EURUSDm,BUY,1.16362,1.16162,1.17540,0.04,18.66,20.0,5.89,43.4,discount,28.0,bullish,bullish,SELL,"ğŸ”¥ SMT Divergence [BUY] âœ“âœ“âœ“, âš ï¸ Pas de dÃ©placement post-sweep (Reversal lent), âš ï¸ Conflit Intermarket (-34.2%) âœ— (-15%), SL: Structure Low, TP: Swing High Liq, ğŸ¯ Major Sweep dÃ©tectÃ© (PDL/Asian), ğŸ”¥ SMT Divergence confirmÃ©e, âœ“ Prix en zone DISCOUNT (IdÃ©al), âœ“ Spread Optimal âœ“, âš ï¸ Contre-tendance dÃ©tectÃ©e, ğŸŒ ğŸ’µ DXY: BULLISH, ğŸŒ ğŸŒ Biais macro: BEARISH",SMT_bullish,72,False,False,False,bullish,none,ny,True,,,,,,,OPEN,
2026-01-09 20:31:26,2170156813,GBPUSDm,BUY,1.34062,1.33862,1.34262,0.06,18.66,20.0,1.00,56.7,discount,29.0,bullish,bullish,SELL,"ğŸ”¥ SMT Divergence [BUY] âœ“âœ“âœ“, âš¡ Sweep+FVG Exception: Setup institutionnel complet, âš ï¸ Pas de dÃ©placement post-sweep (Reversal lent), âš ï¸ Conflit Intermarket (-35.3%) âœ— (-15%), SL: Structure Low, TP: Swing High Liq, âœ“ SL/TP ATR dynamique (QualitÃ© A), ğŸ¯ Major Sweep dÃ©tectÃ© (PDL/Asian), ğŸ”¥ SMT Divergence confirmÃ©e, âœ“ FVG prÃ©sent dans la zone, âœ“ Prix en zone DISCOUNT (IdÃ©al), âœ“ Spread Optimal âœ“, âš ï¸ Contre-tendance dÃ©tectÃ©e, ğŸŒ ğŸ’¹ Sentiment: RISK_ON, ğŸŒ ğŸ’µ DXY: BULLISH",SMT_bullish|FVG,79,False,False,False,bullish,none,ny,True,,,,,,,OPEN,
2026-01-09 20:35:53,2170180400,BTCUSDm,BUY,90697.34000,90153.30429,91785.41143,0.01,18.66,5440357.1,2.00,55.3,discount,42.5,bullish,bearish,BUY,"âš¡ Sweep+FVG Exception: Setup institutionnel complet, â›” HTF Conflict non rÃ©solu (-30 pts, Lot 50%), âš¡ Displacement dÃ©tectÃ© post-sweep (+10%), SL: Structure Low, TP: Swing High Liq, âœ“ SL/TP ATR dynamique (QualitÃ© A+), âœ“ Structure alignÃ©e (80), ğŸ¯ Major Sweep dÃ©tectÃ© (PDL/Asian), âš¡ iFVG (Inversion) validÃ©e, âœ“ Prix en zone DISCOUNT (IdÃ©al), âœ“ Spread Optimal âœ“, ğŸŒ ğŸ’¹ Sentiment: RISK_ON, ğŸŒ ğŸ’µ DXY: BULLISH",FVG|iFVG,89,False,False,False,none,none,ny,True,,,,,,,OPEN,
2026-01-09 21:31:14,2170394667,BTCUSDm,BUY,90170.80000,89814.94143,90882.51714,0.01,18.64,3558585.7,2.00,25.0,discount,18.8,bullish,bearish,BUY,"âš¡ Sweep+FVG Exception: Setup institutionnel complet, â›” HTF Conflict non rÃ©solu (-30 pts, Lot 50%), âš ï¸ Pas de dÃ©placement post-sweep (Reversal lent), SL: Structure Low, TP: Swing High Liq, âœ“ SL/TP ATR dynamique (QualitÃ© A), âœ“ Structure alignÃ©e (60), ğŸ¯ Major Sweep dÃ©tectÃ© (PDL/Asian), âš¡ iFVG (Inversion) validÃ©e, âœ“ Prix en zone DISCOUNT (IdÃ©al), âœ“ Spread Optimal âœ“, âš ï¸ Risk Reduced (Counter-Momentum RSI 25), ğŸŒ ğŸ’¹ Sentiment: RISK_ON, ğŸŒ ğŸ’µ DXY: BULLISH",FVG|iFVG,82,False,False,False,none,none,off_hours,False,,,,,,,OPEN,
2026-01-10 12:17:44,2170943816,BTCUSDm,SELL,90637.00000,90737.00000,89177.61000,0.05,18.68,1000000.0,14.59,84.3,premium,95.3,bullish,bearish,BUY,"âš¡ Sweep+FVG Exception: Setup institutionnel complet, âš ï¸ Pas de dÃ©placement post-sweep (Reversal lent), SL: Structure High, TP: Swing Low Liq, âœ“ Structure alignÃ©e (60), ğŸ¯ Major Sweep dÃ©tectÃ© (PDL/Asian), âš¡ iFVG (Inversion) validÃ©e, âœ“ Prix en zone PREMIUM (IdÃ©al), âš ï¸ Spread correct vs SL (23%), âš ï¸ Risk Reduced (Counter-Momentum RSI 84), ğŸŒ ğŸ’¹ Sentiment: RISK_ON, ğŸŒ ğŸ’µ DXY: BULLISH",FVG|iFVG,72,False,False,False,none,none,london,True,,,,,,,OPEN,
2026-01-11 15:27:26,2171539855,BTCUSDm,SELL,90703.66000,90803.66000,89177.61000,0.1,18.72,1000000.0,15.26,64.3,premium,99.0,bullish,bearish,BUY,"âš¡ Sweep+FVG Exception: Setup institutionnel complet, âš¡ Displacement dÃ©tectÃ© post-sweep (+10%), SL: Structure High, TP: Swing Low Liq, âœ“ Structure alignÃ©e (60), ğŸ¯ Major Sweep dÃ©tectÃ© (PDL/Asian), âš¡ iFVG (Inversion) validÃ©e, âœ“ Prix en zone PREMIUM (IdÃ©al), âš ï¸ Spread correct vs SL (27%), ğŸŒ ğŸ’¹ Sentiment: RISK_ON, ğŸŒ ğŸ’µ DXY: BULLISH",FVG|iFVG,72,False,False,False,none,none,london,True,,,,,,,OPEN,
2026-01-11 16:20:53,2171577069,BTCUSDm,SELL,90821.66000,90921.66000,89177.61000,0.03,18.62,1000000.0,16.44,72.5,premium,89.5,bullish,bearish,BUY,"âš¡ Sweep+FVG Exception: Setup institutionnel complet, âš ï¸ Pas de dÃ©placement post-sweep (Reversal lent), SL: Structure High, TP: Swing Low Liq, âœ“ Structure alignÃ©e (60), ğŸ¯ Major Sweep dÃ©tectÃ© (PDL/Asian), âš¡ iFVG (Inversion) validÃ©e, âœ“ Prix en zone PREMIUM (IdÃ©al), âš ï¸ Spread significatif vs OB (27%), âš ï¸ Risk Reduced (Counter-Momentum RSI 73), ğŸŒ ğŸ’¹ Sentiment: RISK_ON, ğŸŒ ğŸ’µ DXY: BULLISH",FVG|iFVG,66,False,False,False,none,none,ny,True,,,,,,,OPEN,
2026-01-11 16:33:38,2171586043,BTCUSDm,SELL,90862.27000,90962.27000,89177.61000,0.05,18.59,1000000.0,16.85,77.9,premium,95.2,bullish,bearish,BUY,"SMC State Sweep (SELL) âœ“âœ“, âš¡ Sweep+FVG Exception: Setup institutionnel complet, âš ï¸ Pas de dÃ©placement post-sweep (Reversal lent), SL: Structure High, TP: Swing Low Liq, âœ“ Structure alignÃ©e (60), ğŸ¯ Major Sweep dÃ©tectÃ© (PDL/Asian), âš¡ iFVG (Inversion) validÃ©e, âœ“ Prix en zone PREMIUM (IdÃ©al), âš ï¸ Spread correct vs SL (22%), âš ï¸ Risk Reduced (Counter-Momentum RSI 78), ğŸŒ ğŸ’¹ Sentiment: RISK_ON, ğŸŒ ğŸ’µ DXY: BULLISH",FVG|iFVG,72,False,False,False,none,none,ny,True,,,,,,,OPEN,
2026-01-11 17:30:26,2171632690,BTCUSDm,SELL,90836.65000,90936.65000,89177.61000,0.06,18.54,1000000.0,16.59,60.9,premium,92.3,bullish,bearish,BUY,"SMC State Sweep (SELL) âœ“âœ“, âš¡ Sweep+FVG Exception: Setup institutionnel complet, âš ï¸ Pas de dÃ©placement post-sweep (Reversal lent), SL: Structure High, TP: Swing Low Liq, ğŸ¯ Major Sweep dÃ©tectÃ© (PDL/Asian), âš¡ iFVG (Inversion) validÃ©e, âœ“ Prix en zone PREMIUM (IdÃ©al), âš ï¸ Contre-tendance dÃ©tectÃ©e, âš ï¸ Spread correct vs SL (16%), ğŸŒ ğŸ’¹ Sentiment: RISK_ON, ğŸŒ ğŸ’µ DXY: BULLISH",FVG|iFVG,63,False,False,False,none,none,ny,True,,,,,,,OPEN,
2026-01-11 17:50:36,2171657091,BTCUSDm,SELL,90629.52000,90885.82050,89177.61000,0.04,18.64,2563005.0,5.66,45.3,premium,59.9,bullish,bearish,BUY,"âš¡ Sweep+FVG Exception: Setup institutionnel complet, âš ï¸ Pas de dÃ©placement post-sweep (Reversal lent), SL: Structure High, TP: Swing Low Liq, ğŸ¯ Major Sweep dÃ©tectÃ© (PDL/Asian), âš¡ iFVG (Inversion) validÃ©e, âœ“ Prix en zone PREMIUM (IdÃ©al), âœ“ Spread Optimal âœ“, âš ï¸ Contre-tendance dÃ©tectÃ©e, ğŸŒ ğŸ’¹ Sentiment: RISK_ON, ğŸŒ ğŸ’µ DXY: BULLISH",FVG|iFVG,72,False,False,False,none,none,ny,True,,,,,,,OPEN,
2026-01-11 18:27:15,2171685799,BTCUSDm,SELL,90870.73000,91071.14050,89177.61000,0.04,18.53,2004105.0,8.45,53.5,premium,75.0,bullish,bearish,BUY,"âš¡ Sweep+FVG Exception: Setup institutionnel complet, âš ï¸ Pas de dÃ©placement post-sweep (Reversal lent), SL: Structure High, TP: Swing Low Liq, ğŸ¯ Major Sweep dÃ©tectÃ© (PDL/Asian), âš¡ iFVG (Inversion) validÃ©e, âœ“ Prix en zone PREMIUM (IdÃ©al), âœ“ Spread Optimal âœ“, âš ï¸ Contre-tendance dÃ©tectÃ©e",FVG|iFVG,72,False,False,False,none,none,ny,True,,,,,,,OPEN,
2026-01-12 01:01:09,2172058909,EURUSDm,BUY,1.16350,1.16150,1.16550,0.06,18.45,20.0,1.00,45.2,discount,37.4,bullish,bullish,SELL,"ğŸ”¥ SMT Divergence [BUY] âœ“âœ“âœ“, âš¡ Sweep+FVG Exception: Setup institutionnel complet, âš ï¸ Pas de dÃ©placement post-sweep (Reversal lent), âš ï¸ Conflit Intermarket (-34.2%) âœ— (-15%), SL: Structure Low, TP: Swing High Liq, âœ“ SL/TP ATR dynamique (QualitÃ© A), ğŸ¯ Major Sweep dÃ©tectÃ© (PDL/Asian), ğŸ”¥ SMT Divergence confirmÃ©e, âš¡ iFVG (Inversion) validÃ©e, âœ“ Prix en zone DISCOUNT (IdÃ©al), âœ“ Spread Optimal âœ“, âš ï¸ Contre-tendance dÃ©tectÃ©e, ğŸŒ ğŸ’¹ Sentiment: RISK_ON, ğŸŒ ğŸ’µ DXY: BULLISH",SMT_bullish|FVG|iFVG,82,False,False,False,bullish,none,asian,False,,,,,,,OPEN,
2026-01-12 01:13:19,2172141783,BTCUSDm,BUY,90468.11000,90276.91214,90850.50571,0.08,18.45,1911978.6,2.00,41.1,discount,24.3,bullish,bullish,BUY,"âš¡ Sweep+FVG Exception: Setup institutionnel complet, âš¡ Golden iFVG Exception: Sniper Entry sur BUY, âš ï¸ Pas de dÃ©placement post-sweep (Reversal lent), ğŸ’ Triple Timeframe Alignment (HTF/MTF/LTF) âœ“ (+20%), SL: Structure Low, TP: Swing High Liq, âœ“ SL/TP ATR dynamique (QualitÃ© A), âœ“ Structure alignÃ©e (50), ğŸ¯ Major Sweep dÃ©tectÃ© (PDL/Asian), âš¡ iFVG (Inversion) validÃ©e, âœ“ Prix en zone DISCOUNT (IdÃ©al), âœ“ Spread Optimal âœ“, ğŸŒ ğŸ’¹ Sentiment: RISK_ON, ğŸŒ ğŸ’µ DXY: BULLISH",FVG|iFVG,82,False,False,False,none,none,asian,False,,,,,,,OPEN,
2026-01-12 01:15:50,2172141783,---EXIT---,,,,,,,,,,,,,,,,,,,,,,,,,90600.42000,2026-01-12 01:15:50,,5.32,,0.29,CLOSED,Manual_Profit
2026-01-12 02:16:57,2172403358,GBPUSDm,BUY,1.34161,1.33961,1.34361,0.07,18.56,20.0,1.00,44.3,discount,23.8,bullish,bullish,SELL,"ğŸ”¥ SMT Divergence [BUY] âœ“âœ“âœ“, âš¡ Sweep+FVG Exception: Setup institutionnel complet, âš¡ Displacement dÃ©tectÃ© post-sweep (+10%), âš ï¸ Conflit Intermarket (-35.3%) âœ— (-15%), SL: Structure Low, TP: Swing High Liq, âœ“ SL/TP ATR dynamique (QualitÃ© A), ğŸ¯ Major Sweep dÃ©tectÃ© (PDL/Asian), ğŸ”¥ SMT Divergence confirmÃ©e, âš¡ iFVG (Inversion) validÃ©e, âœ“ Prix en zone DISCOUNT (IdÃ©al), âœ“ Spread Optimal âœ“, âš ï¸ Contre-tendance dÃ©tectÃ©e, ğŸŒ ğŸ’¹ Sentiment: RISK_ON, ğŸŒ ğŸ’µ DXY: BULLISH",SMT_bullish|FVG|iFVG,82,False,False,False,bullish,none,asian,False,,,,,,,OPEN,
2026-01-12 02:43:35,2172058909,---EXIT---,,,,,,,,,,,,,,,,,,,,,,,,,1.16550,2026-01-12 02:43:35,,12.06,,0.65,CLOSED,Manual_Profit
2026-01-12 03:42:23,2172403358,---EXIT---,,,,,,,,,,,,,,,,,,,,,,,,,1.34361,2026-01-12 03:42:23,,14.14,,0.75,CLOSED,Manual_Profit
2026-01-12 03:44:57,2172807854,GBPUSDm,BUY,1.34284,1.34084,1.34484,0.09,18.82,20.0,1.00,71.7,premium,62.6,bullish,bullish,SELL,"ğŸ”¥ SMT Divergence [BUY] âœ“âœ“âœ“, SMT sweep override biais NEUTRAL â†’ BUY, âš¡ Sweep+FVG Exception: Setup institutionnel complet, âš ï¸ Pas de dÃ©placement post-sweep (Reversal lent), âš ï¸ Conflit Intermarket (-35.3%) âœ— (-15%), SL: Structure Low, TP: Swing High Liq, âœ“ SL/TP ATR dynamique (QualitÃ© A+), âœ“ Structure alignÃ©e (80), ğŸ¯ Major Sweep dÃ©tectÃ© (PDL/Asian), ğŸ”¥ SMT Divergence confirmÃ©e, âš¡ iFVG (Inversion) validÃ©e, âœ“ Spread Optimal âœ“, ğŸŒ ğŸ’¹ Sentiment: RISK_ON, ğŸŒ ğŸ’µ DXY: BULLISH",SMT_bullish|FVG|iFVG,93,False,False,False,bullish,none,asian,False,,,,,,,OPEN,
2026-01-12 07:33:35,2173342263,BTCUSDm,BUY,92037.21000,91773.30429,92565.02143,0.06,18.82,2639057.1,2.00,60.0,premium,83.1,bullish,bullish,BUY,"âš¡ Sweep+FVG Exception: Setup institutionnel complet, âš¡ Golden iFVG Exception: Sniper Entry sur BUY, âš ï¸ Pas de dÃ©placement post-sweep (Reversal lent), ğŸ’ Triple Timeframe Alignment (HTF/MTF/LTF) âœ“ (+20%), SL: Structure Low, TP: Swing High Liq, âœ“ SL/TP ATR dynamique (QualitÃ© A), âœ“ Structure alignÃ©e (80), ğŸ¯ Major Sweep dÃ©tectÃ© (PDL/Asian), âš¡ iFVG (Inversion) validÃ©e, âœ“ Spread Optimal âœ“, ğŸŒ ğŸ’¹ Sentiment: RISK_ON, ğŸŒ ğŸ’µ DXY: BULLISH",FVG|iFVG,82,False,False,False,none,none,london_open,True,,,,,,,OPEN,
2026-01-12 09:30:12,2173800935,EURUSDm,BUY,1.16812,1.16612,1.17012,0.05,18.67,20.0,1.00,81.0,premium,100.0,bullish,bullish,SELL,"ğŸ”¥ SMT Divergence [BUY] âœ“âœ“âœ“, SMT sweep override biais NEUTRAL â†’ BUY, âš¡ Sweep+FVG Exception: Setup institutionnel complet, âš ï¸ Pas de dÃ©placement post-sweep (Reversal lent), âš ï¸ Conflit Intermarket (-34.2%) âœ— (-15%), SL: Structure Low, TP: Swing High Liq, âœ“ SL/TP ATR dynamique (QualitÃ© A), âœ“ Structure alignÃ©e (50), ğŸ¯ Major Sweep dÃ©tectÃ© (PDL/Asian), ğŸ”¥ SMT Divergence confirmÃ©e, âš¡ iFVG (Inversion) validÃ©e, âœ“ Spread Optimal âœ“, ğŸŒ ğŸ’¹ Sentiment: RISK_ON, ğŸŒ ğŸ’µ DXY: BULLISH",SMT_bullish|FVG|iFVG,86,False,False,False,bullish,none,london_open,True,,,,,,,OPEN,
2026-01-12 10:01:09,2172807854,---EXIT---,,,,,,,,,,,,,,,,,,,,,,,,,1.34484,2026-01-12 10:01:09,,18.18,,0.96,CLOSED,Manual_Profit
2026-01-12 10:01:17,2173965690,XAUUSDm,BUY,4586.64400,4566.64400,4616.64400,0.01,18.85,2000.0,1.50,72.3,premium,89.8,bullish,bullish,BUY,"âš¡ Sweep+FVG Exception: Setup institutionnel complet, âš¡ Golden iFVG Exception: Sniper Entry sur BUY, âš ï¸ Pas de dÃ©placement post-sweep (Reversal lent), ğŸ’ Triple Timeframe Alignment (HTF/MTF/LTF) âœ“ (+20%), SL: Structure Low, TP: Swing High Liq, âœ“ SL/TP ATR dynamique (QualitÃ© A), âœ“ Structure alignÃ©e (80), ğŸ¯ Major Sweep dÃ©tectÃ© (PDL/Asian), âš¡ iFVG (Inversion) validÃ©e, âœ“ Spread Optimal âœ“, ğŸŒ ğŸ’¹ Sentiment: RISK_ON, ğŸŒ ğŸ’µ DXY: BULLISH",FVG|iFVG,82,False,False,False,none,none,london,True,,,,,,,OPEN,
2026-01-12 10:06:25,2173997482,GBPUSDm,BUY,1.34552,1.34352,1.34752,0.09,18.85,20.0,1.00,84.3,premium,100.0,bullish,bullish,SELL,"ğŸ”¥ SMT Divergence [BUY] âœ“âœ“âœ“, SMT sweep override biais NEUTRAL â†’ BUY, âš¡ Sweep+FVG Exception: Setup institutionnel complet, âš¡ Displacement dÃ©tectÃ© post-sweep (+10%), âš ï¸ Conflit Intermarket (-35.3%) âœ— (-15%), SL: Structure Low, TP: Swing High Liq, âœ“ SL/TP ATR dynamique (QualitÃ© A+), âœ“ Structure alignÃ©e (90), ğŸ¯ Major Sweep dÃ©tectÃ© (PDL/Asian), ğŸ”¥ SMT Divergence confirmÃ©e, âš¡ iFVG (Inversion) validÃ©e, âœ“ Spread Optimal âœ“, ğŸŒ ğŸ’¹ Sentiment: RISK_ON, ğŸŒ ğŸ’µ DXY: BULLISH",SMT_bullish|FVG|iFVG,90,False,False,False,bullish,none,london,True,,,,,,,OPEN,
2026-01-12 15:07:50,2173997482,---EXIT---,,,,,,,,,,,,,,,,,,,,,,,,,1.34752,2026-01-12 15:07:50,,18.00,,0.95,CLOSED,Manual_Profit
2026-01-12 15:07:59,2176669206,USDJPYm,SELL,157.75000,158.30300,156.64400,0.08,19.03,55.3,2.00,41.2,discount,34.3,bearish,bullish,BUY,"Contexte D1 BULLISH (Zone PREMIUM), Retest sur OB Baissier H4 (Setup Principal), Signal d'entrÃ©e M15 confirmÃ© (Mitigation)",FVG|iFVG,95,False,False,False,none,none,london,True,,,,,,,OPEN,
2026-01-12 15:51:25,2173965690,---EXIT---,,,,,,,,,,,,,,,,,,,,,,,,,4616.64400,2026-01-12 15:51:25,,30.02,,1.55,CLOSED,TP
2026-01-13 07:16:10,2180801153,USDJPYm,BUY,158.79900,158.59900,159.03886,0.12,18.95,20.0,1.20,66.8,premium,100.0,bullish,bullish,BUY,"âš¡ Sweep+FVG Exception: Setup institutionnel complet, âš¡ Golden iFVG Exception: Sniper Entry sur BUY, âš ï¸ Pas de dÃ©placement post-sweep (Reversal lent), ğŸ’ Triple Timeframe Alignment (HTF/MTF/LTF) âœ“ (+20%), SL: Structure Low, TP: Fixed 50 pips, âœ“ SL/TP ATR dynamique (QualitÃ© A), âœ“ Structure alignÃ©e (90), ğŸ¯ Major Sweep dÃ©tectÃ© (PDL/Asian), âš¡ iFVG (Inversion) validÃ©e, âœ“ Spread Optimal âœ“, ğŸŒ ğŸ’µ DXY: BULLISH",FVG|iFVG,82,False,False,False,none,none,london_open,True,,,,,,,OPEN,
2026-01-13 07:19:33,2180807611,EURUSDm,BUY,1.16654,1.16454,1.16854,0.06,18.95,20.0,1.00,63.7,discount,20.4,bearish,bullish,SELL,"ğŸ”¥ SMT Divergence [BUY] âœ“âœ“âœ“, SMT sweep override biais NEUTRAL â†’ BUY, âš ï¸ Pas de dÃ©placement post-sweep (Reversal lent), âš ï¸ Conflit Intermarket (-34.2%) âœ— (-15%), SL: Structure Low, TP: Swing High Liq, âœ“ SL/TP ATR dynamique (QualitÃ© A), âœ“ Structure alignÃ©e (50), ğŸ¯ Major Sweep dÃ©tectÃ© (PDL/Asian), ğŸ”¥ SMT Divergence confirmÃ©e, âœ“ Prix en zone DISCOUNT (IdÃ©al), âœ“ Spread Optimal âœ“, ğŸŒ ğŸ’µ DXY: BULLISH",SMT_bullish,82,False,False,False,bullish,none,london_open,True,,,,,,,OPEN,
2026-01-13 10:00:49,2181425401,GBPUSDm,BUY,1.34663,1.34463,1.34863,0.09,18.95,20.0,1.00,36.9,equilibrium,43.9,bullish,bullish,SELL,"ğŸ”¥ SMT Divergence [BUY] âœ“âœ“âœ“, âš¡ Sweep+FVG Exception: Setup institutionnel complet, âš ï¸ Pas de dÃ©placement post-sweep (Reversal lent), âš ï¸ Conflit Intermarket (-35.3%) âœ— (-15%), SL: Structure Low, TP: Swing High Liq, âœ“ SL/TP ATR dynamique (QualitÃ© A+), âœ“ Structure alignÃ©e (50), ğŸ¯ Major Sweep dÃ©tectÃ© (PDL/Asian), ğŸ”¥ SMT Divergence confirmÃ©e, âš¡ iFVG (Inversion) validÃ©e, ~ Prix Ã  l'Ã©quilibre, âœ“ Spread Optimal âœ“, ğŸŒ ğŸ’µ DXY: BULLISH",SMT_bullish|FVG|iFVG,89,False,False,False,bullish,none,london,True,,,,,,,OPEN,
2026-01-13 10:51:21,2180801153,---EXIT---,,,,,,,,,,,,,,,,,,,,,,,,,159.03900,2026-01-13 10:51:21,,18.64,,0.97,CLOSED,Manual_Profit
2026-01-13 11:33:17,2181837722,USDJPYm,BUY,158.85400,158.65400,159.07443,0.12,19.14,20.0,1.10,48.1,premium,88.8,bullish,bullish,BUY,"âš¡ Sweep+FVG Exception: Setup institutionnel complet, âš¡ Golden iFVG Exception: Sniper Entry sur BUY, âš ï¸ Pas de dÃ©placement post-sweep (Reversal lent), ğŸ’ Triple Timeframe Alignment (HTF/MTF/LTF) âœ“ (+20%), SL: Structure Low, TP: Swing High Liq, âœ“ SL/TP ATR dynamique (QualitÃ© A), âœ“ Structure alignÃ©e (90), ğŸ¯ Major Sweep dÃ©tectÃ© (PDL/Asian), âš¡ iFVG (Inversion) validÃ©e, âœ“ Spread Optimal âœ“, âš ï¸ News HIGH impact dans les 4h Ã  venir, ğŸŒ ğŸ“° News HIGH: Core CPI (MoM)  (Dec) dans 237min, ğŸŒ ğŸ’µ DXY: BULLISH",FVG|iFVG,82,False,False,False,none,none,london,True,,,,,,,OPEN,
2026-01-13 15:30:05,2181837722,---EXIT---,,,,,,,,,,,,,,,,,,,,,,,,,158.65400,2026-01-13 15:30:05,,-15.28,,-0.80,CLOSED,SL
2026-01-13 15:30:26,2181425401,---EXIT---,,,,,,,,,,,,,,,,,,,,,,,,,1.34863,2026-01-13 15:30:26,,18.72,,0.98,CLOSED,Manual_Profit
2026-01-13 17:33:00,2180807611,---EXIT---,,,,,,,,,,,,,,,,,,,,,,,,,1.16454,2026-01-13 17:33:00,,-11.94,,-0.63,CLOSED,SL
2026-01-13 21:45:19,2185425229,EURUSDm,BUY,1.16488,1.16288,1.16688,0.06,19.05,20.0,1.00,67.2,discount,31.8,bearish,bullish,SELL,"ğŸ”¥ SMT Divergence [BUY] âœ“âœ“âœ“, SMT sweep override biais NEUTRAL â†’ BUY, âš¡ Sweep+FVG Exception: Setup institutionnel complet, âš ï¸ Pas de dÃ©placement post-sweep (Reversal lent), âš ï¸ Conflit Intermarket (-34.2%) âœ— (-15%), SL: Structure Low, TP: Swing High Liq, âœ“ SL/TP ATR dynamique (QualitÃ© A), ğŸ¯ Major Sweep dÃ©tectÃ© (PDL/Asian), ğŸ”¥ SMT Divergence confirmÃ©e, âš¡ iFVG (Inversion) validÃ©e, âœ“ Prix en zone DISCOUNT (IdÃ©al), âœ“ Spread Optimal âœ“, âš ï¸ Contre-tendance dÃ©tectÃ©e, ğŸŒ ğŸ’µ DXY: BULLISH",SMT_bullish|FVG|iFVG,82,False,False,False,bullish,none,off_hours,False,,,,,,,OPEN,
2026-01-13 21:45:36,2185427173,USDJPYm,BUY,159.12300,158.92100,159.52700,0.04,19.05,20.2,2.00,44.9,premium,87.0,bullish,bullish,BUY,"âš¡ Sweep+FVG Exception: Setup institutionnel complet, âš¡ Golden iFVG Exception: Sniper Entry sur BUY, âš ï¸ Pas de dÃ©placement post-sweep (Reversal lent), ğŸ’ Triple Timeframe Alignment (HTF/MTF/LTF) âœ“ (+20%), SL: Structure Low, TP: Swing High Liq, âœ“ Structure alignÃ©e (90), ğŸ¯ Major Sweep dÃ©tectÃ© (PDL/Asian), âš¡ iFVG (Inversion) validÃ©e, âš ï¸ Spread significatif vs OB (31%), ğŸŒ ğŸ’µ DXY: BULLISH",FVG|iFVG,66,False,False,False,none,none,off_hours,False,,,,,,,OPEN,
2026-01-14 06:59:54,2186659140,GBPUSDm,BUY,1.34405,1.34205,1.34605,0.1,19.05,20.0,1.00,80.0,discount,29.6,bearish,bullish,SELL,"ğŸ”¥ SMT Divergence [BUY] âœ“âœ“âœ“, SMT sweep override biais NEUTRAL â†’ BUY, âš¡ Sweep+FVG Exception: Setup institutionnel complet, âš ï¸ Pas de dÃ©placement post-sweep (Reversal lent), âš ï¸ Conflit Intermarket (-35.3%) âœ— (-15%), SL: Structure Low, TP: Swing High Liq, âœ“ SL/TP ATR dynamique (QualitÃ© A+), âœ“ Structure alignÃ©e (50), ğŸ¯ Major Sweep dÃ©tectÃ© (PDL/Asian), ğŸ”¥ SMT Divergence confirmÃ©e, âš¡ iFVG (Inversion) validÃ©e, âœ“ Prix en zone DISCOUNT (IdÃ©al), âœ“ Spread Optimal âœ“, ğŸŒ ğŸ’µ DXY: BULLISH",SMT_bullish|FVG|iFVG,93,False,False,False,bullish,none,asian,False,,,,,,,OPEN,
2026-01-14 10:07:40,2187291239,GBPUSDm,BUY,1.34409,1.34141,1.35168,0.04,18.98,26.8,2.83,49.9,premium,76.0,bullish,bullish,SELL,"ğŸ”¥ SMT Divergence [BUY] âœ“âœ“âœ“, SMT sweep override biais NEUTRAL â†’ BUY, âš¡ Sweep+FVG Exception: Setup institutionnel complet, âš¡ Displacement dÃ©tectÃ© post-sweep (+10%), âš ï¸ Conflit Intermarket (-35.3%) âœ— (-15%), SL: Structure Low, TP: Swing High Liq, âœ“ Structure alignÃ©e (50), ğŸ¯ Major Sweep dÃ©tectÃ© (PDL/Asian), ğŸ”¥ SMT Divergence confirmÃ©e, âš¡ iFVG (Inversion) validÃ©e, âš ï¸ Spread significatif vs OB (29%), ğŸŒ ğŸ’µ DXY: BULLISH",SMT_bullish|FVG|iFVG,68,False,False,False,bullish,none,london,True,,,,,,,OPEN,
2026-01-14 10:34:40,2185427173,---EXIT---,,,,,,,,,,,,,,,,,,,,,,,,,158.92100,2026-01-14 10:34:40,,-5.06,,-0.27,CLOSED,Manual_Loss
2026-01-14 13:13:36,2188059912,USDJPYm,BUY,158.75300,158.55300,159.02786,0.06,18.93,20.0,1.37,26.7,discount,0.0,bullish,bullish,BUY,"âš¡ Sweep+FVG Exception: Setup institutionnel complet, âš ï¸ Pas de dÃ©placement post-sweep (Reversal lent), ğŸ’ Triple Timeframe Alignment (HTF/MTF/LTF) âœ“ (+20%), SL: Structure Low, TP: Swing High Liq, âœ“ SL/TP ATR dynamique (QualitÃ© A), âœ“ Structure alignÃ©e (60), ğŸ¯ Major Sweep dÃ©tectÃ© (PDL/Asian), âš¡ iFVG (Inversion) validÃ©e, âœ“ Prix en zone DISCOUNT (IdÃ©al), âœ“ Spread Optimal âœ“, âš ï¸ Risk Reduced (Counter-Momentum RSI 27), âš ï¸ News HIGH impact dans les 4h Ã  venir, ğŸŒ ğŸ“° News HIGH: Core Retail Sales (MoM)  (Nov) dans 136min, ğŸŒ ğŸ’µ DXY: BULLISH",FVG|iFVG,82,False,False,False,none,none,london,True,,,,,,,OPEN,
2026-01-14 14:01:00,2188059912,---EXIT---,,,,,,,,,,,,,,,,,,,,,,,,,158.55300,2026-01-14 14:01:00,,-7.23,,-0.38,CLOSED,Manual_Loss
2026-01-14 20:00:09,2190526862,EURUSDm,BUY,1.16471,1.16271,1.16983,0.02,18.85,20.0,2.56,28.6,equilibrium,29.0,bullish,bullish,SELL,"ğŸ”¥ SMT Divergence [BUY] âœ“âœ“âœ“, âš¡ Sweep+FVG Exception: Setup institutionnel complet, âš ï¸ Pas de dÃ©placement post-sweep (Reversal lent), SL: Structure Low, TP: Swing High Liq, âœ“ Structure alignÃ©e (60), ğŸ¯ Major Sweep dÃ©tectÃ© (PDL/Asian), ğŸ”¥ SMT Divergence confirmÃ©e, âœ“ FVG prÃ©sent dans la zone, ~ Prix Ã  l'Ã©quilibre, âš ï¸ Spread significatif vs OB (30%), âš ï¸ Risk Reduced (Counter-Momentum RSI 29), ğŸŒ ğŸ’µ DXY: BULLISH",SMT_bullish|FVG,69,False,False,False,bullish,none,ny,True,,,,,,,OPEN,
2026-01-15 07:38:49,2192616361,USDJPYm,SELL,158.52800,159.29000,157.00400,0.06,18.85,76.2,2.00,65.0,premium,80.4,bearish,bullish,BUY,"Contexte D1 BULLISH (Zone PREMIUM), Retest sur OB Baissier H4 (Setup Principal), Signal d'entrÃ©e M15 confirmÃ© (Mitigation)",FVG|iFVG,95,False,False,False,none,none,london_open,True,,,,,,,OPEN,
2026-01-15 09:24:54,2190526862,---EXIT---,,,,,,,,,,,,,,,,,,,,,,,,,1.16271,2026-01-15 09:24:54,,-4.04,,-0.21,CLOSED,Manual_Loss
2026-01-15 14:21:55,2187291239,---EXIT---,,,,,,,,,,,,,,,,,,,,,,,,,1.34141,2026-01-15 14:21:55,,-10.24,,-0.55,CLOSED,SL
2026-01-16 02:48:51,2197204962,EURUSDm,BUY,1.16044,1.15944,1.16244,0.08,18.71,10.0,2.00,33.0,discount,22.6,bearish,bullish,SELL,"ğŸ”¥ SMT Divergence [BUY] âœ“âœ“âœ“, SMT sweep override biais NEUTRAL â†’ BUY, âš¡ Sweep+FVG Exception: Setup institutionnel complet, âš ï¸ Pas de dÃ©placement post-sweep (Reversal lent), âš ï¸ Conflit Intermarket (-34.2%) âœ— (-15%), SL: Structure Low, TP: Swing High Liq, âœ“ SL/TP ATR dynamique (QualitÃ© A+), âœ“ Structure alignÃ©e (60), ğŸ¯ Major Sweep dÃ©tectÃ© (PDL/Asian), ğŸ”¥ SMT Divergence confirmÃ©e, âœ“ FVG prÃ©sent dans la zone, âœ“ Prix en zone DISCOUNT (IdÃ©al), âœ“ Spread Optimal âœ“, âš ï¸ Risk Reduced (Counter-Momentum RSI 33), ğŸŒ ğŸ’µ DXY: BULLISH",SMT_bullish|FVG,89,False,False,False,bullish,none,asian,False,,,,,,,OPEN,
2026-01-16 17:07:48,2197204962,---EXIT---,,,,,,,,,,,,,,,,,,,,,,,,,1.16244,2026-01-16 17:07:48,,16.00,,0.85,CLOSED,Manual_Profit
2026-01-16 18:19:13,2192616361,---EXIT---,,,,,,,,,,,,,,,,,,,,,,,,,158.04600,2026-01-16 18:19:13,,18.26,,0.96,CLOSED,Manual_Profit
2026-01-16 18:32:41,2200601164,USDJPYm,BUY,158.07100,157.86629,158.48043,0.12,19.05,20.5,2.00,40.7,discount,11.5,bearish,bullish,BUY,"SMC State Sweep (BUY) âœ“âœ“, âš¡ Sweep+FVG Exception: Setup institutionnel complet, âš ï¸ Pas de dÃ©placement post-sweep (Reversal lent), SL: Structure Low, TP: Swing High Liq, âœ“ SL/TP ATR dynamique (QualitÃ© A), âœ“ Structure alignÃ©e (50), ğŸ¯ Major Sweep dÃ©tectÃ© (PDL/Asian), âš¡ iFVG (Inversion) validÃ©e, âœ“ Prix en zone DISCOUNT (IdÃ©al), âœ“ Spread Optimal âœ“, ğŸŒ ğŸ’µ DXY: BULLISH",FVG|iFVG,82,False,False,False,none,none,ny,True,,,,,,,OPEN,
2026-01-16 18:35:46,2200617480,XAUUSDm,BUY,4593.76000,4583.76000,4613.76000,0.01,19.05,1000.0,2.00,49.7,discount,20.8,bearish,bullish,BUY,"SMC State Sweep (BUY) âœ“âœ“, âš¡ Sweep+FVG Exception: Setup institutionnel complet, âš¡ Displacement dÃ©tectÃ© post-sweep (+10%), SL: Structure Low, TP: Swing High Liq, âœ“ SL/TP ATR dynamique (QualitÃ© A), âœ“ Structure alignÃ©e (50), ğŸ¯ Major Sweep dÃ©tectÃ© (PDL/Asian), âš¡ iFVG (Inversion) validÃ©e, âœ“ Prix en zone DISCOUNT (IdÃ©al), âœ“ Spread Optimal âœ“, ğŸŒ ğŸ’µ DXY: BULLISH",FVG|iFVG,82,False,False,False,none,none,ny,True,,,,,,,OPEN,
2026-01-16 18:51:18,2200617480,---EXIT---,,,,,,,,,,,,,,,,,,,,,,,,,4583.76000,2026-01-16 18:51:18,,-9.78,,-0.52,CLOSED,SL
2026-01-19 10:25:20,2204679656,USDJPYm,SELL,158.10800,158.33900,157.64600,0.06,5.42,23.1,2.00,47.9,discount,47.3,bearish,bullish,BUY,"Contexte D1 BULLISH (Zone PREMIUM), Retest sur OB Baissier H4 (Setup Principal), Signal d'entrÃ©e M15 confirmÃ© (Mitigation)",FVG|iFVG,95,False,False,False,none,none,london,True,,,,,,,OPEN,
2026-01-19 10:30:23,2204700862,GBPUSDm,BUY,1.33905,1.33728,1.34260,0.02,5.42,17.7,2.00,54.3,discount,35.4,bearish,bullish,SELL,"ğŸ”¥ SMT Divergence [BUY] âœ“âœ“âœ“, SMT sweep override biais NEUTRAL â†’ BUY, âš¡ Sweep+FVG Exception: Setup institutionnel complet, âš ï¸ Pas de dÃ©placement post-sweep (Reversal lent), âš ï¸ Conflit Intermarket (-49.2%) âœ— (-15%), SL: Structure Low, TP: Swing High Liq, âœ“ SL/TP ATR dynamique (QualitÃ© A), ğŸ¯ Major Sweep dÃ©tectÃ© (PDL/Asian), ğŸ”¥ SMT Divergence confirmÃ©e, âš¡ iFVG (Inversion) validÃ©e, âœ“ Prix en zone DISCOUNT (IdÃ©al), âœ“ Spread Optimal âœ“, âš ï¸ Contre-tendance dÃ©tectÃ©e, ğŸŒ ğŸ”— Intermarket Bearish (-49), ğŸŒ ğŸ’µ DXY: BULLISH",SMT_bullish|FVG|iFVG,82,False,False,False,bullish,none,london,True,,,,,,,OPEN,
2026-01-19 13:14:04,2204679656,---EXIT---,,,,,,,,,,,,,,,,,,,,,,,,,157.99000,2026-01-19 13:14:04,,4.41,,0.20,CLOSED,Manual_Profit
2026-01-19 17:51:32,2204700862,---EXIT---,,,,,,,,,,,,,,,,,,,,,,,,,1.34260,2026-01-19 17:51:32,,6.96,,0.32,CLOSED,Manual_Profit
2026-01-19 18:37:15,2207019603,USDJPYm,SELL,158.09700,158.33900,157.61300,0.04,4.36,24.2,2.00,60.1,discount,46.6,bearish,bullish,BUY,"Contexte D1 BULLISH (Zone PREMIUM), Retest sur OB Baissier H4 (Setup Principal), Signal d'entrÃ©e M15 confirmÃ© (Mitigation)",FVG|iFVG,95,False,False,False,none,none,ny,True,,,,,,,OPEN,
2026-01-19 19:36:07,2207236676,USDJPYm,SELL,158.05000,158.33900,157.47200,0.03,4.36,28.9,2.00,57.7,discount,43.3,bearish,bullish,BUY,"Contexte D1 BULLISH (Zone PREMIUM), Retest sur OB Baissier H4 (Setup Principal), Signal d'entrÃ©e M15 confirmÃ© (Mitigation)",FVG|iFVG,95,False,False,False,none,none,ny,True,,,,,,,OPEN,
